{"coco/bbox_mAP": 0.58, "coco/bbox_mAP_50": 0.74, "coco/bbox_mAP_75": 0.606, "coco/bbox_mAP_s": -1.0, "coco/bbox_mAP_m": 0.305, "coco/bbox_mAP_l": 0.585, "data_time": 0.05393960413994727, "time": 0.27500554648312653}