{
  "n_images": 10,
  "mean_cosine_dissimilarity": 0.09507459998130799,
  "mean_inference_s": 0.7747278624679893,
  "gate_pass": true,
  "per_image_dissimilarities": [
    0.10393637418746948,
    0.09956669807434082,
    0.07922595739364624,
    0.10005313158035278,
    0.08151125907897949,
    0.10185790061950684,
    0.09264051914215088,
    0.09593772888183594,
    0.09735763072967529,
    0.09865880012512207
  ]
}