{"coco/bbox_mAP": 0.218, "coco/bbox_mAP_50": 0.447, "coco/bbox_mAP_75": 0.199, "coco/bbox_mAP_s": 0.0, "coco/bbox_mAP_m": 0.0, "coco/bbox_mAP_l": 0.226, "data_time": 6.492376772233242, "time": 9.06072069079147}