{"coco/bbox_mAP": 0.0, "coco/bbox_mAP_50": 0.0, "coco/bbox_mAP_75": 0.0, "coco/bbox_mAP_s": -1.0, "coco/bbox_mAP_m": 0.0, "coco/bbox_mAP_l": 0.0, "data_time": 0.3091621208190918, "time": 0.7391344594955445}