{"coco/bbox_mAP": 0.149, "coco/bbox_mAP_50": 0.19, "coco/bbox_mAP_75": 0.167, "coco/bbox_mAP_s": -1.0, "coco/bbox_mAP_m": 0.154, "coco/bbox_mAP_l": 0.151, "data_time": 0.0642754381353205, "time": 0.7678545279936357}