{"coco/bbox_mAP": 0.223, "coco/bbox_mAP_50": 0.518, "coco/bbox_mAP_75": 0.139, "coco/bbox_mAP_s": -1.0, "coco/bbox_mAP_m": 0.284, "coco/bbox_mAP_l": 0.297, "data_time": 0.9192175650058833, "time": 1.1752048202027054}