{"coco/bbox_mAP": 0.001, "coco/bbox_mAP_50": 0.002, "coco/bbox_mAP_75": 0.0, "coco/bbox_mAP_s": -1.0, "coco/bbox_mAP_m": 0.051, "coco/bbox_mAP_l": 0.001, "data_time": 0.05401350693269209, "time": 0.27905062034532624}