{"coco/bbox_mAP": 0.276, "coco/bbox_mAP_50": 0.515, "coco/bbox_mAP_75": 0.268, "coco/bbox_mAP_s": 0.0, "coco/bbox_mAP_m": 0.055, "coco/bbox_mAP_l": 0.291, "data_time": 8.148986272793964, "time": 8.952440803660487}