{"coco/bbox_mAP": 0.594, "coco/bbox_mAP_50": 0.74, "coco/bbox_mAP_75": 0.631, "coco/bbox_mAP_s": -1.0, "coco/bbox_mAP_m": 0.306, "coco/bbox_mAP_l": 0.6, "data_time": 0.0667031446060577, "time": 0.5139487045151847}